Workbook

Sheet Cereri
A1: Nr. Crt. | B1: Nume și Prenume | C1: CNP | D1: Adresa | E1: Venit Lunar | F1: Suma Solicitata | G1: Durata Creditului (luni) | H1: Scopul Creditului | I1: Tipul Creditului | J1: Scoring Credit | K1: Data Solicitarii
A2: 1 | B2: Ion Popescu | C2: 190010101234 | D2: Str. Florilor, nr. 10 | E2: 3500 | F2: 20000 | G2: 60 | H2: Achiziție locuință | I2: Ipotecar | J2: 750 | K2: 01.06.2024
A3: 2 | B3: Maria Ionescu | C3: 275020202345 | D3: Str. Libertății, nr. 25 | E3: 4500 | F3: 15000 | G3: 48 | H3: Consolidare datorii | I3: Personal | J3: 800 | K3: 05.06.2024
A4: 3 | B4: Andrei Vasile | C4: 180030303456 | D4: Str. Unirii, nr. 8 | E4: 3000 | F4: 10000 | G4: 36 | H4: Achiziție auto | I4: Auto | J4: 700 | K4: 10.06.2024
A5: 4 | B5: Elena Marin | C5: 285040404567 | D5: Str. Victoriei, nr. 15 | E5: 5000 | F5: 25000 | G5: 72 | H5: Renovare locuință | I5: Ipotecar | J5: 820 | K5: 12.06.2024
A6: 5 | B6: George Tudor | C6: 170050505678 | D6: Str. Păcii, nr. 5 | E6: 3200 | F6: 12000 | G6: 24 | H6: Achiziție auto | I6: Auto | J6: 680 | K6: 15.06.2024
A7: 6 | B7: Ana Dumitru | C7: 290060606789 | D7: Str. Lalelelor, nr. 7 | E7: 4200 | F7: 18000 | G7: 60 | H7: Studii | I7: Personal | J7: 780 | K7: 18.06.2024
A8: 7 | B8: Mihai Georgescu | C8: 160070707890 | D8: Str. Buzești, nr. 22 | E8: 3800 | F8: 22000 | G8: 48 | H8: Achiziție teren | I8: Ipotecar | J8: 770 | K8: 20.06.2024
A9: 8 | B9: Irina Nistor | C9: 195080808901 | D9: Str. Izvor, nr. 11 | E9: 4700 | F9: 20000 | G9: 36 | H9: Achiziție auto | I9: Auto | J9: 830 | K9: 22.06.2024
A10: 9 | B10: Daniel Barbu | C10: 180090909012 | D10: Str. Teiului, nr. 14 | E10: 3100 | F10: 14000 | G10: 48 | H10: Achiziție auto | I10: Auto | J10: 720 | K10: 25.06.2024
A11: 10 | B11: Laura Enescu | C11: 285101010123 | D11: Str. Gării, nr. 20 | E11: 3500 | F11: 10000 | G11: 24 | H11: Vacanță | I11: Personal | J11: 760 | K11: 28.06.2024
A12: 11 | B12: Florin Petrescu | C12: 175111111234 | D12: Str. Salcâmilor, nr. 9 | E12: 3600 | F12: 21000 | G12: 60 | H12: Renovare locuință | I12: Ipotecar | J12: 790 | K12: 01.07.2024
A13: 12 | B13: Alina Munteanu | C13: 190121212345 | D13: Str. Mihai Viteazu, nr. 3 | E13: 4800 | F13: 17000 | G13: 48 | H13: Achiziție auto | I13: Auto | J13: 820 | K13: 05.07.2024
... A51: 50 | B51: Raluca Iliescu | C51: 290505050123 | D51: Str. Teilor, nr. 9 | E51: 3500 | F51: 10000 | G51: 24 | H51: Vacanță | I51: Personal | J51: 760 | K51: 28.10.2024

Sheet Raspuns
A1: Nume și Prenume | B1: Scoring Credit | C1: Status
A2: Ion Popescu | B2: =VLOOKUP(A2,Cereri!$B$2:$J$51,9,0) -> 750 | C2: Acceptat
A3: Maria Ionescu | B3: =VLOOKUP(A3,Cereri!$B$2:$J$51,9,0) -> 800 | C3: Acceptat
A4: Andrei Vasile | B4: =VLOOKUP(A4,Cereri!$B$2:$J$51,9,0) -> 700 | C4: Acceptat
A5: Elena Marin | B5: =VLOOKUP(A5,Cereri!$B$2:$J$51,9,0) -> 820 | C5: Acceptat
A6: George Tudor | B6: =VLOOKUP(A6,Cereri!$B$2:$J$51,9,0) -> 680 | C6: Acceptat
A7: Ana Dumitru | B7: =VLOOKUP(A7,Cereri!$B$2:$J$51,9,0) -> 780 | C7: Acceptat
A8: Mihai Georgescu | B8: =VLOOKUP(A8,Cereri!$B$2:$J$51,9,0) -> 770 | C8: Acceptat
A9: Irina Nistor | B9: =VLOOKUP(A9,Cereri!$B$2:$J$51,9,0) -> 830 | C9: Acceptat
A10: Daniel Barbu | B10: =VLOOKUP(A10,Cereri!$B$2:$J$51,9,0) -> 720 | C10: Acceptat
A11: Laura Enescu | B11: =VLOOKUP(A11,Cereri!$B$2:$J$51,9,0) -> 760 | C11: Acceptat
A12: Florin Petrescu | B12: =VLOOKUP(A12,Cereri!$B$2:$J$51,9,0) -> 790 | C12: Acceptat
A13: Alina Munteanu | B13: =VLOOKUP(A13,Cereri!$B$2:$J$51,9,0) -> 820 | C13: Acceptat
... A51: Raluca Iliescu | B51: =VLOOKUP(A51,Cereri!$B$2:$J$51,9,0) -> 760 | C51: Acceptat
