Workbook

Sheet Solicitare
A1: Nr. Crt. | B1: Nume și Prenume | C1: CNP | D1: Adresa | E1: Venit Lunar | F1: Suma Solicitata | G1: Durata Creditului (luni) | H1: Scopul Creditului | I1: Tipul Creditului | J1: ScoringCredit | K1: Data Solicitarii | L1: Status
A2: 1 | B2: Ion Popescu | C2: 190010101234 | D2: Str. Florilor, nr. 10 | E2: 3500 | F2: 20000 | G2: 60 | H2: Achiziție locuință | I2: Ipotecar | J2: =Solicitare!E2*Solicitare!F2/Solicitare!G2 -> 1166666.7 | K2: 01.06.2024 | L2: =IF(J4>1190000,"Aprobat","Respins") -> Respins
A3: 2 | B3: Maria Ionescu | C3: 275020202345 | D3: Str. Libertății, nr. 25 | E3: 4500 | F3: 15000 | G3: 48 | H3: Consolidare datorii | I3: Personal | J3: =Solicitare!E3*Solicitare!F3/Solicitare!G3 -> 1406250 | K3: 05.06.2024 | L3: =IF(J5>1190000,"Aprobat","Respins") -> Aprobat
A4: 3 | B4: Andrei Vasile | C4: 180030303456 | D4: Str. Unirii, nr. 8 | E4: 3000 | F4: 10000 | G4: 36 | H4: Achiziție auto | I4: Auto | J4: =Solicitare!E4*Solicitare!F4/Solicitare!G4 -> 833333.33 | K4: 10.06.2024 | L4: =IF(J6>1190000,"Aprobat","Respins") -> Aprobat
A5: 4 | B5: Elena Marin | C5: 285040404567 | D5: Str. Victoriei, nr. 15 | E5: 5000 | F5: 25000 | G5: 72 | H5: Renovare locuință | I5: Ipotecar | J5: =Solicitare!E5*Solicitare!F5/Solicitare!G5 -> 1736111.1 | K5: 12.06.2024 | L5: =IF(J7>1190000,"Aprobat","Respins") -> Aprobat
A6: 5 | B6: George Tudor | C6: 170050505678 | D6: Str. Păcii, nr. 5 | E6: 3200 | F6: 12000 | G6: 24 | H6: Achiziție auto | I6: Auto | J6: =Solicitare!E6*Solicitare!F6/Solicitare!G6 -> 1600000 | K6: 15.06.2024 | L6: =IF(J8>1190000,"Aprobat","Respins") -> Aprobat
A7: 6 | B7: Ana Dumitru | C7: 290060606789 | D7: Str. Lalelelor, nr. 7 | E7: 4200 | F7: 18000 | G7: 60 | H7: Studii | I7: Personal | J7: =Solicitare!E7*Solicitare!F7/Solicitare!G7 -> 1260000 | K7: 18.06.2024 | L7: =IF(J9>1190000,"Aprobat","Respins") -> Aprobat
A8: 7 | B8: Mihai Georgescu | C8: 160070707890 | D8: Str. Buzești, nr. 22 | E8: 3800 | F8: 22000 | G8: 48 | H8: Achiziție teren | I8: Ipotecar | J8: =Solicitare!E8*Solicitare!F8/Solicitare!G8 -> 1741666.7 | K8: 20.06.2024 | L8: =IF(J10>1190000,"Aprobat","Respins") -> Respins
A9: 8 | B9: Irina Nistor | C9: 195080808901 | D9: Str. Izvor, nr. 11 | E9: 4700 | F9: 20000 | G9: 36 | H9: Achiziție auto | I9: Auto | J9: =Solicitare!E9*Solicitare!F9/Solicitare!G9 -> 2611111.1 | K9: 22.06.2024 | L9: =IF(J11>1190000,"Aprobat","Respins") -> Aprobat
A10: 9 | B10: Daniel Barbu | C10: 180090909012 | D10: Str. Teiului, nr. 14 | E10: 3100 | F10: 14000 | G10: 48 | H10: Achiziție auto | I10: Auto | J10: =Solicitare!E10*Solicitare!F10/Solicitare!G10 -> 904166.67 | K10: 25.06.2024 | L10: =IF(J12>1190000,"Aprobat","Respins") -> Aprobat
A11: 10 | B11: Laura Enescu | C11: 285101010123 | D11: Str. Gării, nr. 20 | E11: 3500 | F11: 10000 | G11: 24 | H11: Vacanță | I11: Personal | J11: =Solicitare!E11*Solicitare!F11/Solicitare!G11 -> 1458333.3 | K11: 28.06.2024 | L11: =IF(J13>1190000,"Aprobat","Respins") -> Aprobat
A12: 11 | B12: Florin Petrescu | C12: 175111111234 | D12: Str. Salcâmilor, nr. 9 | E12: 3600 | F12: 21000 | G12: 60 | H12: Renovare locuință | I12: Ipotecar | J12: =Solicitare!E12*Solicitare!F12/Solicitare!G12 -> 1260000 | K12: 01.07.2024 | L12: =IF(J14>1190000,"Aprobat","Respins") -> Respins
A13: 12 | B13: Alina Munteanu | C13: 190121212345 | D13: Str. Mihai Viteazu, nr. 3 | E13: 4800 | F13: 17000 | G13: 48 | H13: Achiziție auto | I13: Auto | J13: =Solicitare!E13*Solicitare!F13/Solicitare!G13 -> 1700000 | K13: 05.07.2024 | L13: =IF(J15>1190000,"Aprobat","Respins") -> Aprobat
... A51: 50 | B51: Raluca Iliescu | C51: 290505050123 | D51: Str. Teilor, nr. 9 | E51: 3500 | F51: 10000 | G51: 24 | H51: Vacanță | I51: Personal | J51: =Solicitare!E51*Solicitare!F51/Solicitare!G51 -> 1458333.3 | K51: 28.10.2024 | L51: =IF(J53>1190000,"Aprobat","Respins") -> Respins

Sheet Rezultat
A1: Nume si prenume | B1: Status
A2: Ion Popescu | B2: {=_xlfn.XLOOKUP(A2:A51, Solicitare!$B$2:$B$51, Solicitare!$L$2:$L$51)} -> Respins
A3: Maria Ionescu | B3: Aprobat
A4: Andrei Vasile | B4: Aprobat
A5: Elena Marin | B5: Aprobat
A6: George Tudor | B6: Aprobat
A7: Ana Dumitru | B7: Aprobat
A8: Mihai Georgescu | B8: Respins
A9: Irina Nistor | B9: Aprobat
A10: Daniel Barbu | B10: Aprobat
A11: Laura Enescu | B11: Aprobat
A12: Florin Petrescu | B12: Respins
A13: Alina Munteanu | B13: Aprobat
A14: Cristian Radu | B14: Aprobat
... A51: Raluca Iliescu | B51: Respins
